{
  "accuracy": 0.0571,
  "precision": 0.05876323959114656,
  "recall": 0.0571,
  "f1": 0.05536915922694662
}