{
  "accuracy": 0.0344,
  "precision": 0.03419463643155655,
  "recall": 0.03440000000000001,
  "f1": 0.03228605782830132
}